rcrfr_id,rcrfr_nm,ctprv_nm,rcrfr_sctn_nm,max_accpn_cnt,mnagn_nm,provd_instt_cd,provd_instt_nm,besl_tm_xcrd,besl_tm_ycrd,wgs84_lltd_xcrd,wgs84_lltd_ycrd,examin_realm_se_code_nm,spcs_lcnm,spcs_scncenm,exam_yr
1,축령산,전라남도,국유림,900,치유의숲안내센터,4980000,전라남도 장성군,284551.6667,307309.3333,126.7275483,35.35828767,포유류,고양이,Felis catus,2007
2,방장산자연휴양림,전라남도,국유림,500,국립자연휴양림관리소,4980000,전라남도 장성군,287138.9546,316485.1364,126.7547381,35.44127736,포유류,고양이,Felis catus,2007
3,구재봉 자연휴양림,경상남도,공유림,300,경상남도 하동군청,5440000,경상남도 하동군,378040.4286,281725.2857,127.7568886,35.13412186,포유류,고라니,Hydropotes inermis S,2018
5,태학산 자연휴양림,충청남도,공유림,1000,충청남도 천안시청,4490000,충청남도 천안시,319092.25,458895.75,127.092003,36.72778875,포유류,너구리,Nyctereutes procyono,2013
6,구름산산림욕장,경기도,국유림,300,광명시,3900000,경기도 광명시,300865.8578,539748.2012,126.8772881,37.45452375,포유류,고양이,Felis catus,2005
7,오도산 자연휴양림,경상남도,공유림,1000,합천군청,5480000,경상남도 합천군,405544.5,340355.25,128.0590836,35.6628465,포유류,고라니,Hydropotes inermis S,2018
8,칼봉산자연휴양림,경기도,공유림,160,가평군 시설관리공단,4160000,경기도 가평군,353143,581534,127.465447,37.835156,포유류,멧토끼,Lepus coreanus Thoma,2015
9,천천와룡자연휴양림,전라북도,국유림,1200,전라북도 장수군청,4750000,전라북도 장수군,353030.9722,343919.0555,127.478862,35.6938565,포유류,족제비,Mustela sibirica Pal,2007
10,방화동자연휴양림,전라북도,국유림,460,전라북도 장수군청,4750000,전라북도 장수군,357465,333215,127.528423,35.597578,포유류,고라니,Hydropotes inermis S,2017
10,방화동자연휴양림,전라북도,국유림,460,전라북도 장수군청,4750000,전라북도 장수군,357465,333215,127.528423,35.597578,포유류,염소,Capra hircus,2017
11,남해편백자연휴양림,경상남도,국유림,1000,함양국유림관리소,5430000,경상남도 남해군,401736,239344,128.0168287,34.75230733,포유류,고라니,Hydropotes inermis S,2018
12,수레의산자연휴양림,충청북도,공유림,180,충청북도 음성군,4470000,충청북도 음성군,368682.6,493062.6,127.6457604,37.0386294,포유류,등줄쥐,Apodemus agrarius (P,2015
13,백야자연휴양림,충청북도,공유림,250,충청북도 음성군,4470000,충청북도 음성군,365429.5,484028,127.6096085,36.9570995,포유류,노루,Capreolus pygargus (,2015
14,금봉자연휴양림,경상북도,공유림,800,경상북도 의성군청,5150000,경상북도 의성군,479253,415425,128.880649,36.336234,포유류,개,Canis familialis,2009
14,금봉자연휴양림,경상북도,공유림,800,경상북도 의성군청,5150000,경상북도 의성군,479253,415425,128.880649,36.336234,포유류,두더지,Mogera wogura (Temmi,2009
14,금봉자연휴양림,경상북도,공유림,800,경상북도 의성군청,5150000,경상북도 의성군,479253,415425,128.880649,36.336234,포유류,족제비,Mustela sibirica Pal,2009
14,금봉자연휴양림,경상북도,공유림,800,경상북도 의성군청,5150000,경상북도 의성군,479253,415425,128.880649,36.336234,포유류,너구리,Nyctereutes procyono,2009
14,금봉자연휴양림,경상북도,공유림,800,경상북도 의성군청,5150000,경상북도 의성군,479253,415425,128.880649,36.336234,포유류,멧돼지,"Sus scrofa Linnaeus,",2009
14,금봉자연휴양림,경상북도,공유림,800,경상북도 의성군청,5150000,경상북도 의성군,479253,415425,128.880649,36.336234,포유류,고라니,Hydropotes inermis S,2009
14,금봉자연휴양림,경상북도,공유림,800,경상북도 의성군청,5150000,경상북도 의성군,479253,415425,128.880649,36.336234,포유류,고양이,Felis catus,2009
14,금봉자연휴양림,경상북도,공유림,800,경상북도 의성군청,5150000,경상북도 의성군,479253,415425,128.880649,36.336234,포유류,집쥐,Rattus norvegicus (B,2009
15,주작산자연휴양림,전라남도,공유림,232,강진군,4920000,전라남도 강진군,280840.3077,214059.7308,126.7000493,34.51744846,포유류,고양이,Felis catus,2004
16,동강전망자연휴양림,강원도,공유림,200,강원도 정선군 시설관리공단,4290000,강원도 정선군,454125,517852,128.60801,37.260985,포유류,집박쥐,Pipistrellus abramus,2018
17,태백고원자연휴양림,강원도,국유림,126,태백시 농정산림과,4220000,강원도 태백시,493811.2414,502785.9304,129.0534969,37.12209687,포유류,두더지,Mogera wogura (Temmi,2017
18,입화산 자연휴양림,울산광역시,공유림,0,울산광역시 중구,3690000,울산광역시 중구,515762.5785,331611.2234,129.2750644,35.57729878,포유류,노루,Capreolus pygargus (,2013
19,성주봉자연휴양림,경상북도,공유림,229,상주시청,5110000,경상북도 상주시,403848.1482,437100.2963,128.0407948,36.53481985,포유류,노루,Capreolus pygargus (,2015
20,불정자연휴양림,경상북도,공유림,200,문경관광진흥공단,5120000,경상북도 문경시,412472.013,446785.1974,128.1372594,36.62203079,포유류,집박쥐,Pipistrellus abramus,2015
20,불정자연휴양림,경상북도,공유림,200,문경관광진흥공단,5120000,경상북도 문경시,412472.013,446785.1974,128.1372594,36.62203079,포유류,관박쥐,Rhinolophus ferrumeq,2015
21,대야산자연휴양림,경상북도,국유림,500,국립자연휴양림관리소,5120000,경상북도 문경시,397048.5,452026,127.9647963,36.669336,포유류,멧돼지,"Sus scrofa Linnaeus,",2015
22,국립희리산해송자연휴양림,충청남도,국유림,500,국립자연휴양림관리소,4580000,충청남도 서천군,280444,391593,126.669786,36.117299,포유류,청설모,Sciurus vulgaris Lin,2005
22,국립희리산해송자연휴양림,충청남도,국유림,500,국립자연휴양림관리소,4580000,충청남도 서천군,280444,391593,126.669786,36.117299,포유류,다람쥐,Tamias sibiricus (La,2005
23,문성자연휴양림,충청북도,공유림,145,충주시시설관리공단,4390000,충청북도 충주시,378267.8,491572,127.7535514,37.0254692,포유류,노루,Capreolus pygargus (,2015
24,봉황자연휴양림,충청북도,공유림,200,충주시시설관리공단,4390000,충청북도 충주시,384819,494593,127.82712,37.05282333,포유류,등줄쥐,Apodemus agrarius (P,2015
25,계명산자연휴양림,충청북도,공유림,149,충주시시설관리공단,4390000,충청북도 충주시,399119.8603,487093.91,127.98792,36.98536951,포유류,문둥이박쥐,Eptesicus serotinus,2015
25,계명산자연휴양림,충청북도,공유림,149,충주시시설관리공단,4390000,충청북도 충주시,399119.8603,487093.91,127.98792,36.98536951,포유류,검은집박쥐,Hypsugo alashanicus,2015
25,계명산자연휴양림,충청북도,공유림,149,충주시시설관리공단,4390000,충청북도 충주시,399119.8603,487093.91,127.98792,36.98536951,포유류,등줄쥐,Apodemus agrarius (P,2015
26,비학산자연휴양림,경상북도,공유림,150,포항시청,5020000,경상북도 포항시,509189,394760,129.211181,36.147104,포유류,개,Canis familialis,2009
26,비학산자연휴양림,경상북도,공유림,150,포항시청,5020000,경상북도 포항시,509189,394760,129.211181,36.147104,포유류,집쥐,Rattus norvegicus (B,2009
27,용추자연휴양림,경상남도,공유림,255,경상남도 함양군청,5460000,경상남도 함양군,378257.5,344069,127.7575925,35.696091,포유류,고라니,Hydropotes inermis S,2018
28,산삼자연휴양림,경상남도,공유림,90,경상남도 함양군청,5460000,경상남도 함양군,369044,344413.5,127.655775,35.6989485,포유류,고라니,Hydropotes inermis S,2018
29,대봉산자연휴양림,경상남도,공유림,92,경상남도 함양군청,5460000,경상남도 함양군,374369,331284.25,127.7150365,35.58076075,포유류,고라니,Hydropotes inermis S,2018
30,횡성자연휴양림,강원도,사유림,300,사유휴양림(대표 : 이호준),4260000,강원도 횡성군,410104.5,548307.5,128.112129,37.5369285,포유류,고라니,Hydropotes inermis S,2015
32,숲체원,강원도,국유림,300,산림청,4260000,강원도 횡성군,425865.0741,548361.1852,128.2904691,37.53710815,포유류,노루,Capreolus pygargus (,2015
33,청태산휴양림,강원도,국유림,1500,산림청,4260000,강원도 횡성군,424661.5938,552482.6094,128.2769874,37.57427748,포유류,노루,Capreolus pygargus (,2015
34,데미샘자연휴양림,전라북도,공유림,107,전라북도 산림환경연구소,4730000,전라북도 진안군,350715.6471,338240.4118,127.4536305,35.64255929,포유류,족제비,Mustela sibirica Pal,2007
37,불갑사 관광휴양단지,전라남도,사유림,200,전라남도 영광군청,4970000,전라남도 영광군,267019,290335,126.53744,35.203143,포유류,고라니,Hydropotes inermis S,2012
38,금강자연휴양림,충청남도,공유림,226,산림자원연구소,6440000,충청남도,332334.95,426527.4,127.243103,36.4371402,포유류,두더지,Mogera wogura (Temmi,2013
39,계명산자연휴양림,경상북도,공유림,221,경상북도 안동시청 공원녹지과,5070000,경상북도 안동시,483584.3872,420538.3736,128.929439,36.3819348,포유류,개,Canis familialis,2009
39,계명산자연휴양림,경상북도,공유림,221,경상북도 안동시청 공원녹지과,5070000,경상북도 안동시,483584.3872,420538.3736,128.929439,36.3819348,포유류,두더지,Mogera wogura (Temmi,2009
39,계명산자연휴양림,경상북도,공유림,221,경상북도 안동시청 공원녹지과,5070000,경상북도 안동시,483584.3872,420538.3736,128.929439,36.3819348,포유류,족제비,Mustela sibirica Pal,2009
39,계명산자연휴양림,경상북도,공유림,221,경상북도 안동시청 공원녹지과,5070000,경상북도 안동시,483584.3872,420538.3736,128.929439,36.3819348,포유류,너구리,Nyctereutes procyono,2009
39,계명산자연휴양림,경상북도,공유림,221,경상북도 안동시청 공원녹지과,5070000,경상북도 안동시,483584.3872,420538.3736,128.929439,36.3819348,포유류,멧돼지,"Sus scrofa Linnaeus,",2009
39,계명산자연휴양림,경상북도,공유림,221,경상북도 안동시청 공원녹지과,5070000,경상북도 안동시,483584.3872,420538.3736,128.929439,36.3819348,포유류,고라니,Hydropotes inermis S,2009
39,계명산자연휴양림,경상북도,공유림,221,경상북도 안동시청 공원녹지과,5070000,경상북도 안동시,483584.3872,420538.3736,128.929439,36.3819348,포유류,고양이,Felis catus,2009
39,계명산자연휴양림,경상북도,공유림,221,경상북도 안동시청 공원녹지과,5070000,경상북도 안동시,483584.3872,420538.3736,128.929439,36.3819348,포유류,집쥐,Rattus norvegicus (B,2009
40,장령산자연휴양림,충청북도,공유림,2500,충청북도 옥천군청,4430000,충청북도 옥천군,360611,404924.5,127.559573,36.244029,포유류,멧돼지,"Sus scrofa Linnaeus,",2015
41,만수산자연휴양림,충청남도,공유림,150,부여군시설관리공단,4570000,충청남도 부여군,284010,416348,126.705718,36.340788,포유류,너구리,Nyctereutes procyono,2013
42,유치자연휴양림,전라남도,공유림,1000,장흥군,4910000,전라남도 장흥군,292979.6875,241929.9063,126.8287126,34.76998559,포유류,고라니,Hydropotes inermis S,2013
43,아세안자연휴양림,경기도,공유림,500,산림청,5590000,경기도 양주시,306649.3333,573968.6667,126.9382707,37.76342067,포유류,고양이,Felis catus,2005
44,장흥 자연휴양림,경기도,사유림,300,민간(㈜해성농림),5590000,경기도 양주시,309273.2658,573327.2533,126.9681281,37.757909,포유류,고라니,Hydropotes inermis S,2015
45,송정자연휴양림,경상북도,공유림,500,칠곡군청,5220000,경상북도 칠곡군,440602,380481.6,128.448323,36.0236986,포유류,멧토끼,Lepus coreanus Thoma,2015
46,소선암자연휴양림,충청북도,공유림,500,충청북도 단양군청,4480000,충청북도 단양군,427890,479824,128.310837,36.919449,포유류,우수리박쥐,Myotis petax Hollist,2015
47,소백산자연휴양림,충청북도,공유림,220,충청북도 단양군청,4480000,충청북도 단양군,441762.3333,495704.8333,128.4674057,37.06204783,포유류,오소리,Meles leucurus (Hodg,2018
47,소백산자연휴양림,충청북도,공유림,220,충청북도 단양군청,4480000,충청북도 단양군,441762.3333,495704.8333,128.4674057,37.06204783,포유류,멧돼지,"Sus scrofa Linnaeus,",2018
48,검봉산자연휴양림,강원도,국유림,500,국립자연휴양림관리소,4240000,강원도 삼척시,514618,516228,129.289649,37.240889,포유류,두더지,Mogera wogura (Temmi,2017
48,검봉산자연휴양림,강원도,국유림,500,국립자연휴양림관리소,4240000,강원도 삼척시,514618,516228,129.289649,37.240889,포유류,오소리,Meles leucurus (Hodg,2017
49,가학산자연휴양림,전라남도,공유림,700,해남군청산림녹지과,4930000,전라남도 해남군,273311.6667,231199,126.6155113,34.67101833,포유류,등줄쥐,Apodemus agrarius (P,2004
50,평창자연휴양림,강원도,공유림,80,평창군청 산림과,4280000,강원도 평창군,427419,556613.1429,128.308359,37.61141914,포유류,노루,Capreolus pygargus (,2015
51,백아산자연휴양림,전라남도,공유림,170,전라남도 화순군청,4900000,전라남도 화순군,324560.375,283657.625,127.169896,35.14894125,포유류,고라니,Hydropotes inermis S,2017
51,백아산자연휴양림,전라남도,공유림,170,전라남도 화순군청,4900000,전라남도 화순군,324560.375,283657.625,127.169896,35.14894125,포유류,염소,Capra hircus,2017
52,한천자연휴양림,전라남도,공유림,86,전라남도 화순군청,4900000,전라남도 화순군,312246.0526,265672.7368,127.0366668,34.98583611,포유류,족제비,Mustela sibirica Pal,2013
53,봉수산자연휴양림,충청남도,공유림,171,예산군 관광시설사업소 휴양림팀,4610000,충청남도 예산군,290742.8571,444677.242,126.7767004,36.5968368,포유류,멧돼지,"Sus scrofa Linnaeus,",2018
54,생거진천자연휴양림,충청북도,공유림,129,진천군청 산림축산과,4450000,충청북도 진천군,346073.8333,480167,127.3925453,36.921393,포유류,노루,Capreolus pygargus (,2015
55,팔영산자연휴양림,전라남도,공유림,250,고흥군청,4880000,전라남도 고흥군,350880,224758.2222,127.4622126,34.61963015,포유류,고라니,Hydropotes inermis S,2017
55,팔영산자연휴양림,전라남도,공유림,250,고흥군청,4880000,전라남도 고흥군,350880,224758.2222,127.4622126,34.61963015,포유류,고라니,Hydropotes inermis S,2017
56,흥림산자연휴양림,경상북도,공유림,112,경상북도 영양군청 산림축산과 산지이용담당,5170000,경상북도 영양군,499618,455874,129.112673,36.698821,포유류,노루,Capreolus pygargus (,2012
57,토함산자연휴양림,경상북도,공유림,330,경상북도 경주시 산림경영과,5050000,경상북도 경주시,523238.758,351684.979,129.3605968,35.75728684,포유류,노루,Capreolus pygargus (,2013
58,거제자연휴양림,경상남도,국유림,600,경상남도 거제해양관광개발공사,B552833,거제해양관광개발공사,457820.5,242988.5,128.6296468,34.78353525,포유류,멧돼지,"Sus scrofa Linnaeus,",2013
59,구례산수유자연휴양림,전라남도,공유림,66,구례군,4870000,전라남도 구례군,351300.3333,300249.8333,127.4623715,35.3001575,포유류,고라니,Hydropotes inermis S,2017
59,구례산수유자연휴양림,전라남도,공유림,66,구례군,4870000,전라남도 구례군,351300.3333,300249.8333,127.4623715,35.3001575,포유류,염소,Capra hircus,2017
60,독용산성 자연휴양림,경상북도,공유림,96,경상북도 성주군청 산림과,5210000,경상북도 성주군,411924,367372,128.129946,35.90631,포유류,고라니,Hydropotes inermis S,2015
61,거제자연휴양림,경상남도,공유림,285,경상남도 거제시청,5370000,경상남도 거제시,457820.5,242988.5,128.6296468,34.78353525,포유류,멧돼지,"Sus scrofa Linnaeus,",2013
62,미숭산자연휴양림,경상북도,공유림,88,고령군,5200000,경상북도 고령군,419059.6071,350076.3571,128.2085876,35.75030254,포유류,개,Canis familialis,2013
63,옥성자연휴양림,경상북도,공유림,1900,구미시설공단,5080000,경상북도 구미시,425757,408728,128.2845345,36.2787815,포유류,고라니,Hydropotes inermis S,2015
64,군위장곡자연휴양림,경상북도,공유림,300,경상북도 군위군청,5140000,경상북도 군위군,475407.5,392479,128.8356135,36.1297555,포유류,개,Canis familialis,2009
64,군위장곡자연휴양림,경상북도,공유림,300,경상북도 군위군청,5140000,경상북도 군위군,475407.5,392479,128.8356135,36.1297555,포유류,집쥐,Rattus norvegicus (B,2009
65,무주자연휴양림,전라북도,공유림,300,전라북도 무주군청 시설사업소,4740000,전라북도 무주군,378479.3333,379247.3333,127.7590877,36.01317,포유류,멧돼지,"Sus scrofa Linnaeus,",2015
66,강화군 석모도자연휴양림,인천광역시,공유림,208,석모도자연휴양림관리사업소,3570000,인천광역시 강화군,251992.5,567249,126.319493,37.6956815,포유류,고양이,Felis catus,2005
67,강화군 티앤림 자연휴양림,인천광역시,사유림,40,기전산업,3570000,인천광역시 강화군,263871,569159,126.453782,37.714728,포유류,고양이,Felis catus,2005
68,옥화자연휴양림,충청북도,공유림,485,청주시시설관리공단,5710000,충청북도 청주시,373551.2625,444334.0555,127.7021953,36.59964758,포유류,멧돼지,"Sus scrofa Linnaeus,",2015
69,칠갑산자연휴양림,충청남도,공유림,500,충청남도 청양군공공시설사업소,4590000,충청남도 청양군,296722.3862,426389.0706,126.8459673,36.43271657,포유류,너구리,Nyctereutes procyono,2013
70,순천자연휴양림,전라남도,공유림,265,순천시청,4820000,전라남도 순천시,352508,272078,127.477274,35.046273,포유류,고라니,Hydropotes inermis S,2017
70,순천자연휴양림,전라남도,공유림,265,순천시청,4820000,전라남도 순천시,352508,272078,127.477274,35.046273,포유류,염소,Capra hircus,2017
71,비슬산자연휴양림,대구광역시,공유림,285,대구광역시 달성군시설관리공단,3480000,대구광역시 달성군,446617,343489,128.512907,35.690015,포유류,고라니,Hydropotes inermis S,2013
72,화원자연휴양림,대구광역시,공유림,115,대구광역시 달성군시설관리공단,3480000,대구광역시 달성군,448191,352150,128.530815,35.768003,포유류,고라니,Hydropotes inermis S,2013
73,제주절물자연휴양림,제주특별자치도,국유림,2000,제주시청,6510000,제주특별자치도 제주시,271300.2817,93058.8069,126.6139767,33.42565332,포유류,작은땃쥐,Crocidura shantungen,2013
74,안면도자연휴양림,충청남도,국유림,6000,충청남도 산림환경연구소 휴양림관리사무소,4620000,충청남도 태안군,252831.0241,434118.2677,126.3551313,36.49661925,포유류,청설모,Sciurus vulgaris Lin,2005
75,학가산우래자연휴양림,경상북도,사유림,150,(주)학가산자연휴양림개발,5230000,경상북도 예천군,452949,453733.5,128.5902735,36.6832665,포유류,Meles,Meles meles Linnaeus,2015
76,치악산자연휴양림,강원도,공유림,700,강원도 원주시 산림과,4190000,강원도 원주시,402841,517120,128.029826,37.255946,포유류,노루,Capreolus pygargus (,2015
77,간월산자연휴양림,울산광역시,사유림,200,천광디엔씨,3730000,울산광역시 울주군,495779,330291.5,129.054466,35.5675375,포유류,고라니,Hydropotes inermis S,2013
78,흥부골자연휴양림,전라북도,공유림,60,전라북도 남원시청,4700000,전라북도 남원시,362847,316515.5,127.588587,35.4472725,포유류,고라니,Hydropotes inermis S,2017
78,흥부골자연휴양림,전라북도,공유림,60,전라북도 남원시청,4700000,전라북도 남원시,362847,316515.5,127.588587,35.4472725,포유류,염소,Capra hircus,2017
79,구수곡자연휴양림,경상북도,공유림,950,경상북도 울진군청,5250000,경상북도 울진군,515020,496561,129.2911625,37.063657,포유류,다람쥐,Tamias sibiricus (La,2017
80,광치자연휴양림,강원도,공유림,160,양구군청,4320000,강원도 양구군,406398,615477,128.070763,38.142182,포유류,개,Canis familialis,2008
80,광치자연휴양림,강원도,공유림,160,양구군청,4320000,강원도 양구군,406398,615477,128.070763,38.142182,포유류,너구리,Nyctereutes procyono,2008
80,광치자연휴양림,강원도,공유림,160,양구군청,4320000,강원도 양구군,406398,615477,128.070763,38.142182,포유류,고라니,Hydropotes inermis S,2008
80,광치자연휴양림,강원도,공유림,160,양구군청,4320000,강원도 양구군,406398,615477,128.070763,38.142182,포유류,멧밭쥐,Micromys minutus (Pa,2008
81,춘천숲자연휴양림,강원도,공유림,400,강원도 춘천시청,4180000,강원도 춘천시,377703,571394,127.744777,37.74473,포유류,멧토끼,Lepus coreanus Thoma,2015
82,용문산자연휴양림,경기도,공유림,300,경기도 양평군청,4170000,경기도 양평군,358596.875,546009,127.529428,37.51533338,포유류,고라니,Hydropotes inermis S,2015
83,수도산자연휴양림,경상북도,공유림,206,김천시,5060000,경상북도 김천시,398736,365756,127.983836,35.89181,포유류,노루,Capreolus pygargus (,2015
84,대운산자연휴양림,경상남도,공유림,200,양산시시설관리공단,5380000,경상남도 양산시,509848.6667,313479.3333,129.207383,35.41457033,포유류,두더지,Mogera wogura (Temmi,2013
85,교래자연휴양림,제주특별자치도,공유림,0,제주특별자치도청,6500000,제주특별자치도,276313.3333,94401,126.66769,33.43834233,포유류,작은땃쥐,Crocidura shantungen,2013
86,서귀포자연휴양림,제주특별자치도,국유림,1500,서귀포시청,6500000,제주특별자치도,256996.7,81490.8,126.4620567,33.3195671,포유류,제주등줄쥐,Apodemus agrarius ch,2013
87,붉은오름자연휴양림,제주특별자치도,공유림,1500,서귀포시청,6500000,제주특별자치도,277638.3333,90090.44444,126.6825234,33.39963567,포유류,작은땃쥐,Crocidura shantungen,2013
88,절물자연휴양림,제주특별자치도,국유림,0,제주시청,6500000,제주특별자치도,271300.2817,93058.8069,126.6139767,33.42565332,포유류,작은땃쥐,Crocidura shantungen,2013
89,신안자연휴양림,전라남도,국유림,561,신안군청,5010000,전라남도 신안군,218009.4583,255396.3333,126.0071201,34.88068108,포유류,멧토끼,Lepus coreanus Thoma,2018
91,양촌자연휴양림,충청남도,공유림,151,충청남도 논산시청,4540000,충청남도 논산시,332543.4127,395674.9084,127.2480989,36.15911513,포유류,청설모,Sciurus vulgaris Lin,2005
91,양촌자연휴양림,충청남도,공유림,151,충청남도 논산시청,4540000,충청남도 논산시,332543.4127,395674.9084,127.2480989,36.15911513,포유류,다람쥐,Tamias sibiricus (La,2005
92,천보산자연휴양림,경기도,공유림,156,포천시 산림과,5600000,경기도 포천시,322641,584985,127.118572,37.864168,포유류,족제비,Mustela sibirica Pal,2015
93,운악산자연휴양림,경기도,국유림,200,국립자연휴양림관리소,5600000,경기도 포천시,338847.5517,587052.2069,127.3025745,37.88402762,포유류,족제비,Mustela sibirica Pal,2015
94,바라산자연휴양림,경기도,공유림,470,의왕도시공사,4030000,경기도 의왕시,313929,531187.6667,127.0259167,37.37870533,포유류,고양이,Felis catus,2005
95,하추자연휴양림,강원도,공유림,108,강원도 인제군 산림자원과,4330000,강원도 인제군,428452,602864,128.321864,38.02812,포유류,개,Canis familialis,2008
95,하추자연휴양림,강원도,공유림,108,강원도 인제군 산림자원과,4330000,강원도 인제군,428452,602864,128.321864,38.02812,포유류,너구리,Nyctereutes procyono,2008
95,하추자연휴양림,강원도,공유림,108,강원도 인제군 산림자원과,4330000,강원도 인제군,428452,602864,128.321864,38.02812,포유류,고라니,Hydropotes inermis S,2008
95,하추자연휴양림,강원도,공유림,108,강원도 인제군 산림자원과,4330000,강원도 인제군,428452,602864,128.321864,38.02812,포유류,멧밭쥐,Micromys minutus (Pa,2008
96,성주산자연휴양림,충청남도,공유림,2000,충청남도 보령시 산림공원과,4510000,충청남도 보령시,280256.5,416793,126.6638475,36.344336,포유류,너구리,Nyctereutes procyono,2013
97,금산산림문화타운,충청남도,공유림,3000,충청남도 금산군청,4550000,충청남도 금산군,343370.5714,385369.5714,127.3691729,36.06693243,포유류,청설모,Sciurus vulgaris Lin,2005
97,금산산림문화타운,충청남도,공유림,3000,충청남도 금산군청,4550000,충청남도 금산군,343370.5714,385369.5714,127.3691729,36.06693243,포유류,다람쥐,Tamias sibiricus (La,2005
98,진산자연휴양림,충청남도,사유림,350,유숭열,4550000,충청남도 금산군,341499.9,392237.9,127.347896,36.1287216,포유류,청설모,Sciurus vulgaris Lin,2005
98,진산자연휴양림,충청남도,사유림,350,유숭열,4550000,충청남도 금산군,341499.9,392237.9,127.347896,36.1287216,포유류,다람쥐,Tamias sibiricus (La,2005
99,서대산약용자연휴양림,충청남도,사유림,0,김영식,4550000,충청남도 금산군,357481.6111,402685.5556,127.5248774,36.2237175,포유류,멧돼지,"Sus scrofa Linnaeus,",2015
100,함평자연생태공원,전라남도,국유림,0,함평군산림공원사업소,4960000,전라남도 함평군,263739.75,282820.25,126.502676,35.13498425,포유류,청설모,Sciurus vulgaris Lin,2012
101,제암산자연휴양림,전라남도,국유림,3000,전라남도 보성군청,4890000,전라남도 보성군,307494.2143,233528.2857,126.9881776,34.69567907,포유류,족제비,Mustela sibirica Pal,2013
113,좌구산자연휴양림,충청북도,공유림,250,증평군청,6430000,충청북도,368953.8571,456344.8571,127.6503209,36.70774986,포유류,멧돼지,"Sus scrofa Linnaeus,",2015
114,생거진천자연휴양림,충청북도,공유림,129,진천군청 산림축산과,6430000,충청북도,346073.8333,480167,127.3925453,36.921393,포유류,노루,Capreolus pygargus (,2015
115,성불산자연휴양림,충청북도,공유림,188,괴산군시설관리사업소,6430000,충청북도,386444.7143,467425.8571,127.8458921,36.808026,포유류,멧돼지,"Sus scrofa Linnaeus,",2015
116,수레의산자연휴양림,충청북도,공유림,180,충청북도 음성군,6430000,충청북도,368682.6,493062.6,127.6457604,37.0386294,포유류,등줄쥐,Apodemus agrarius (P,2015
117,백야자연휴양림,충청북도,공유림,250,충청북도 음성군,6430000,충청북도,365429.5,484028,127.6096085,36.9570995,포유류,노루,Capreolus pygargus (,2015
118,소선암자연휴양림,충청북도,공유림,500,충청북도 단양군청,6430000,충청북도,427890,479824,128.310837,36.919449,포유류,우수리박쥐,Myotis petax Hollist,2015
119,만인산자연휴양림,대전광역시,공유림,5000,대전광역시 공원관리사업소,6300000,대전광역시,350608.6667,400331.3333,127.4485777,36.202174,포유류,멧돼지,"Sus scrofa Linnaeus,",2015
120,장태산자연휴양림,대전광역시,공유림,6000,대전광역시 공원관리사업소,6300000,대전광역시,340983,401883,127.341427,36.215613,포유류,고라니,Hydropotes inermis S,2018
121,데미샘자연휴양림,전라북도,공유림,131,산림환경연구소,6450000,전라북도,350715.6471,338240.4118,127.4536305,35.64255929,포유류,족제비,Mustela sibirica Pal,2007
122,운장산자연휴양림,전라북도,국유림,600,무주국유림관리소,6450000,전라북도,347667.5,367024,127.418086,35.90183,포유류,족제비,Mustela sibirica Pal,2007
123,무주자연휴양림,전라북도,공유림,40,시설사업소,6450000,전라북도,378479.3333,379247.3333,127.7590877,36.01317,포유류,멧돼지,"Sus scrofa Linnaeus,",2015
124,덕유산자연휴양림,전라북도,국유림,730,국립자연휴양림관리소,6450000,전라북도,384247.4118,365341.8235,127.823356,35.88794759,포유류,노루,Capreolus pygargus (,2015
125,와룡자연휴양림,전라북도,공유림,102,장수군청,6450000,전라북도,353030.9722,343919.0555,127.478862,35.6938565,포유류,족제비,Mustela sibirica Pal,2007
126,방화동자연휴양림,전라북도,공유림,62,장수군청,6450000,전라북도,357465,333215,127.528423,35.597578,포유류,고라니,Hydropotes inermis S,2017
126,방화동자연휴양림,전라북도,공유림,62,장수군청,6450000,전라북도,357465,333215,127.528423,35.597578,포유류,염소,Capra hircus,2017
127,세심자연휴양림,전라북도,공유림,68,임실군청,6450000,전라북도,331275,324138.3333,127.240177,35.51429233,포유류,족제비,Mustela sibirica Pal,2007
128,회문산자연휴양림,전라북도,국유림,300,국립자연휴양림관리소,6450000,전라북도,320575.2857,322375.4286,127.1224006,35.497603,포유류,족제비,Mustela sibirica Pal,2007
129,고산자연휴양림,전라북도,공유림,297,완주군청,6450000,전라북도,331390.5556,373082.4444,127.237256,35.95542311,포유류,족제비,Mustela sibirica Pal,2007
130,변산자연휴양림,전라북도,국유림,500,국립자연휴양림관리소,6450000,전라북도,264018.4884,334700.8605,126.4970913,35.60252127,포유류,고양이,Felis catus,2007
131,남원흥부골자연휴양림,전라북도,공유림,70,남원시청,6450000,전라북도,362847,316515.5,127.588587,35.4472725,포유류,고라니,Hydropotes inermis S,2017
131,남원흥부골자연휴양림,전라북도,공유림,70,남원시청,6450000,전라북도,362847,316515.5,127.588587,35.4472725,포유류,염소,Capra hircus,2017
132,남원자연휴양림,전라북도,사유림,300,남원자연휴양림(한정희),6450000,전라북도,347329.5,317986.5,127.417563,35.459828,포유류,고라니,Hydropotes inermis S,2017
132,남원자연휴양림,전라북도,사유림,300,남원자연휴양림(한정희),6450000,전라북도,347329.5,317986.5,127.417563,35.459828,포유류,염소,Capra hircus,2017
133,성수산자연휴양림,전라북도,사유림,80,성수산자연휴양림,6450000,전라북도,345727.5556,337745,127.3985883,35.63783222,포유류,족제비,Mustela sibirica Pal,2007
134,가리산자연휴양림,강원도,공유림,234,홍천군,4250000,강원도 홍천군,398720,584671,127.983233,37.864637,포유류,고라니,Hydropotes inermis S,2015
135,좌구산자연휴양림,충청북도,공유림,251,증평군청,5570000,충청북도 증평군,368953.8571,456344.8571,127.6503209,36.70774986,포유류,멧돼지,"Sus scrofa Linnaeus,",2015
136,서귀포자연휴양림,제주특별자치도,국유림,1500,서귀포시청,6520000,제주특별자치도 서귀포시,256996.7,81490.8,126.4620567,33.3195671,포유류,제주등줄쥐,Apodemus agrarius ch,2013
137,붉은오름자연휴양림,제주특별자치도,공유림,1500,서귀포시청,6520000,제주특별자치도 서귀포시,277638.3333,90090.44444,126.6825234,33.39963567,포유류,작은땃쥐,Crocidura shantungen,2013
138,박달재자연휴양림,충청북도,공유림,2000,충청북도 제천시청,4400000,충청북도 제천시,404269.8333,505034.6667,128.0458683,37.14703583,포유류,관박쥐,Rhinolophus ferrumeq,2015
138,박달재자연휴양림,충청북도,공유림,2000,충청북도 제천시청,4400000,충청북도 제천시,404269.8333,505034.6667,128.0458683,37.14703583,포유류,검은집박쥐,Hypsugo alashanicus,2015
138,박달재자연휴양림,충청북도,공유림,2000,충청북도 제천시청,4400000,충청북도 제천시,404269.8333,505034.6667,128.0458683,37.14703583,포유류,뿔박쥐,Murina hilgendorfi (,2015
138,박달재자연휴양림,충청북도,공유림,2000,충청북도 제천시청,4400000,충청북도 제천시,404269.8333,505034.6667,128.0458683,37.14703583,포유류,우수리박쥐,Myotis petax Hollist,2015
146,청옥산자연휴양림,경상북도,국유림,1000,국립자연휴양림관리소,5240000,경상북도 봉화군,489161.5568,494463.1705,129.000194,37.04756244,포유류,오소리,Meles leucurus (Hodg,2017
147,충북알프스자연휴양림,충청북도,공유림,287,보은군청 산림녹지과,4420000,충청북도 보은군,380794,441562,127.7832174,36.57484033,포유류,멧돼지,"Sus scrofa Linnaeus,",2015
148,속리산 숲체험휴양마을,충청북도,공유림,350,보은군청 산림녹지과,4420000,충청북도 보은군,381876.5714,433045.8571,127.7955161,36.49811157,포유류,멧돼지,"Sus scrofa Linnaeus,",2015
149,고산자연휴양림,전라북도,공유림,5000,완주군청,4720000,전라북도 완주군,331390.5556,373082.4444,127.237256,35.95542311,포유류,족제비,Mustela sibirica Pal,2007
150,백운산자연휴양림,전라남도,공유림,395,전라남도 광양시,4840000,전라남도 광양시,362795,272171,127.590031,35.047546,포유류,고라니,Hydropotes inermis S,2018
151,축령산자연휴양림,경기도,공유림,172,경기도산림환경연구소,6410000,경기도,339612,572672,127.312469,37.754518,포유류,족제비,Mustela sibirica Pal,2015
152,강씨봉자연휴양림,경기도,공유림,102,경기도산림환경연구소,6410000,경기도,348135,595834,127.407522,37.963725,포유류,멧토끼,Lepus coreanus Thoma,2015
153,두루웰자연휴양림,강원도,공유림,100,강원도 철원군청 녹색성장과,4300000,강원도 철원군,343408.0224,624466.2125,127.3514504,38.22140346,포유류,멧토끼,Lepus coreanus Thoma,2015
154,서운산자연휴양림,경기도,공유림,214,경기도 안성시청,4080000,경기도 안성시,339165,482253,127.314833,36.939766,포유류,노루,Capreolus pygargus (,2015
155,망경대산자연휴양림,강원도,국유림,4,영월군시설관리공단,4270000,강원도 영월군,453219,509016.5,128.597169,37.1814215,포유류,오소리,Meles leucurus (Hodg,2018
156,송이밸리자연휴양림,강원도,공유림,100,강원도 양양군청,4350000,강원도 양양군,454739.4444,605971.2222,128.6215201,38.05491378,포유류,개,Canis familialis,2008
156,송이밸리자연휴양림,강원도,공유림,100,강원도 양양군청,4350000,강원도 양양군,454739.4444,605971.2222,128.6215201,38.05491378,포유류,너구리,Nyctereutes procyono,2008
156,송이밸리자연휴양림,강원도,공유림,100,강원도 양양군청,4350000,강원도 양양군,454739.4444,605971.2222,128.6215201,38.05491378,포유류,고라니,Hydropotes inermis S,2008
156,송이밸리자연휴양림,강원도,공유림,100,강원도 양양군청,4350000,강원도 양양군,454739.4444,605971.2222,128.6215201,38.05491378,포유류,멧밭쥐,Micromys minutus (Pa,2008
